<?xml version="1.0" encoding="UTF-8"?>
<!DOCTYPE hibernate-mapping PUBLIC "-//Hibernate/Hibernate Mapping DTD//EN"
		"http://hibernate.sourceforge.net/hibernate-mapping-3.1.dtd">
<hibernate-mapping auto-import="true" default-lazy="false">
	<class name="com.smart.domain.CommentLog" table="t_comment_log">
		<id name="logId" column="log_id">
			<generator class="assigned" />
		</id>
		<property name="commentType" column="comment_type" type="int"/>
		<property name="ip" column="ip" />
		<many-to-one name="viewSpace" column="space_id"
			         class="com.smart.domain.ViewSpace" />
	</class>
</hibernate-mapping>
