<?xml version="1.0" encoding="utf-8"?>
<!DOCTYPE hibernate-mapping PUBLIC "-//Hibernate/Hibernate Mapping DTD 3.0//EN"
"http://hibernate.sourceforge.net/hibernate-mapping-3.1.dtd">
<!--
    Mapping file autogenerated by MyEclipse - Hibernate Tools
-->
<hibernate-mapping package="user">
    <class name="User" table="t_user">
        <id name="userName" type="java.lang.String">
            <column name="user_name"/>
            <generator class="assigned" />
        </id>
        <property name="password" type="java.lang.String">
            <column name="password"/>
        </property>
        <property name="score" type="java.lang.Integer">
            <column name="score"/>
        </property>
    </class>

    <!--<class name="User" table="t_user" entity-name="SimpleUser">-->
        <!--<id name="userName" type="java.lang.String">-->
            <!--<column name="user_name"/>-->
            <!--<generator class="assigned" />-->
        <!--</id>-->
        <!--<property name="password" type="java.lang.String">-->
            <!--<column name="password"/>-->
        <!--</property>-->
        <!--<many-to-one name="dept" cascade="none" class="user.Dept">-->
            <!--<column name="dept_code" />-->
        <!--</many-to-one>-->
    <!--</class>-->
</hibernate-mapping>
