<?xml version="1.0" encoding="UTF-8" ?>
<beans xmlns="http://www.springframework.org/schema/beans"
       xmlns:xsi="http://www.w3.org/2001/XMLSchema-instance"
       xmlns:tx="http://www.springframework.org/schema/tx"
       xmlns:aop="http://www.springframework.org/schema/aop"
       xmlns:context="http://www.springframework.org/schema/context"
       xmlns:jee="http://www.springframework.org/schema/jee"
       xsi:schemaLocation="http://www.springframework.org/schema/beans http://www.springframework.org/schema/beans/spring-beans-${unitils.version}.xsd
    http://www.springframework.org/schema/tx http://www.springframework.org/schema/tx/spring-tx-${unitils.version}.xsd
    http://www.springframework.org/schema/aop http://www.springframework.org/schema/aop/spring-aop-${unitils.version}.xsd
    http://www.springframework.org/schema/context http://www.springframework.org/schema/context/spring-context-${unitils.version}.xsd
    http://www.springframework.org/schema/jee http://www.springframework.org/schema/jee/spring-jee-${unitils.version}.xsd">
    <context:component-scan base-package="user.entity"/>
    <context:property-placeholder location="classpath:jdbc.properties"/>
    <!--　普通数据源　-->
    <bean id="dataSource"
          class="org.apache.commons.dbcp.BasicDataSource"
          destroy-method="close">
        <property name="driverClassName"
                  value="${jdbc.driverClassName}"/>
        <property name="url" value="${jdbc.url}"/>
        <property name="username" value="${jdbc.username}"/>
        <property name="password" value="${jdbc.password}"/>
    </bean>

    <bean id="jdbcTemplate"
          class="org.springframework.jdbc.core.JdbcTemplate">
        <property name="dataSource" ref="dataSource"/>
    </bean>

    <bean id="simpleJdbcTemplate"
          class="org.springframework.jdbc.core.simple.SimpleJdbcTemplate">
        <constructor-arg ref="dataSource"/>
    </bean>

    <!-- Hibernate Session工厂 -->
    <bean id="sessionFactory"
          class="org.springframework.orm.hibernate3.annotation.AnnotationSessionFactoryBean">
        <property name="dataSource" ref="dataSource"/>
        <property name="mappingLocations">
            <list>
                <value>classpath*:/user/*.hbm.xml</value>
            </list>
        </property>
        <property name="hibernateProperties">
            <props>
                <prop key="hibernate.dialect">org.hibernate.dialect.Oracle10gDialect</prop>
                <prop key="hibernate.show_sql">true</prop>
            </props>
        </property>
    </bean>

    <bean id="hiberManager"
          class="org.springframework.orm.hibernate3.HibernateTransactionManager">
        <property name="sessionFactory" ref="sessionFactory"/>
    </bean>

    <bean id="hibernateTemplate"
          class="org.springframework.orm.hibernate3.HibernateTemplate">
        <property name="sessionFactory" ref="sessionFactory"/>
    </bean>

    <aop:config proxy-target-class="true">
        <aop:pointcut id="serviceJdbcMethod"
                      expression="within(user.entity.HibernateUserService+)"/>
        <aop:advisor pointcut-ref="serviceJdbcMethod"
                     advice-ref="hiberAdvice"/>
    </aop:config>
    <tx:advice id="hiberAdvice" transaction-manager="hiberManager">
        <tx:attributes>
            <tx:method name="*"/>
        </tx:attributes>
    </tx:advice>


</beans>