<?xml version="1.0" encoding="UTF-8" ?>
<beans xmlns="http://www.springframework.org/schema/beans"
	xmlns:xsi="http://www.w3.org/2001/XMLSchema-instance"
	xmlns:p="http://www.springframework.org/schema/p"
	xmlns:tx="http://www.springframework.org/schema/tx"
	xsi:schemaLocation="
    http://www.springframework.org/schema/beans http://www.springframework.org/schema/beans/spring-beans-3.0.xsd
    http://www.springframework.org/schema/tx http://www.springframework.org/schema/tx/spring-tx-3.0.xsd">
	<import resource="classpath:applicationContext-dao.xml" />
	<bean id="multiViewSpaceService"
	     class="com.smart.service.MultiViewSpaceService"
		 p:viewSpaceDao-ref="viewSpaceDao"
		 p:viewPointDao-ref="viewPointDao" />
		 
	<bean id="viewSpaceTxManager"
		class="org.springframework.jdbc.datasource.DataSourceTransactionManager"
		p:dataSource-ref="dataSource">
		<qualifier value="viewSpace"/>
    </bean>		
    
    <bean id="viewPointTxManager"
		class="org.springframework.jdbc.datasource.DataSourceTransactionManager"
		p:dataSource-ref="dataSource">
		<qualifier value="viewPoint"/>
    </bean>	    
	<tx:annotation-driven/>
</beans>