<?xml version="1.0" encoding="UTF-8" ?>
<beans xmlns="http://www.springframework.org/schema/beans"
       xmlns:xsi="http://www.w3.org/2001/XMLSchema-instance"
       xmlns:p="http://www.springframework.org/schema/p"
       xmlns:util="http://www.springframework.org/schema/util"
       xmlns:tx="http://www.springframework.org/schema/tx"
       xmlns:context="http://www.springframework.org/schema/context"
       xsi:schemaLocation="http://www.springframework.org/schema/beans
         http://www.springframework.org/schema/beans/spring-beans-3.0.xsd
         http://www.springframework.org/schema/util 
http://www.springframework.org/schema/util/spring-util-3.0.xsd
http://www.springframework.org/schema/tx http://www.springframework.org/schema/tx/spring-tx-3.0.xsd
http://www.springframework.org/schema/context
         http://www.springframework.org/schema/context/spring-context-3.0.xsd
         ">
    <context:property-placeholder
            location="classpath:jdbc.properties"/>

    <bean id="dataSource"
          class="org.apache.commons.dbcp.BasicDataSource"
          destroy-method="close"
          p:driverClassName="${jdbc.driverClassName}"
          p:url="${jdbc.url}"
          p:username="${jdbc.username}"
          p:password="${jdbc.password}"/>

    <bean id="jdbcTemplate"
          class="org.springframework.jdbc.core.JdbcTemplate"
          p:dataSource-ref="dataSource"/>

    <bean id="viewSpaceJdbcDao"
          class="com.smart.dao.jdbc.ViewSpaceJdbcDao"
          p:jdbcTemplate-ref="jdbcTemplate"/>

    <bean id="template"
          class="org.springframework.transaction.support.TransactionTemplate"
          p:transactionManager-ref="txManager"/>


    <bean id="viewSpaceService1"
          class="com.smart.service.ViewSpaceService1"
          p:viewSpaceDao-ref="viewSpaceJdbcDao"
          p:template-ref="template"/>

    <tx:annotation-driven transaction-manager="txManager"/>
    <!-- a PlatformTransactionManager is still required -->
    <bean id="txManager"
          class="org.springframework.jdbc.datasource.DataSourceTransactionManager"
          p:dataSource-ref="dataSource"/>

    <bean id="userService" class="com.smart.service.UserService"/>

    <bean id="viewSpaceService"
          class="com.smart.service.ViewSpaceService"
          p:userService-ref="userService"/>


</beans>