<?xml version="1.0" encoding="UTF-8" ?>
<beans xmlns="http://www.springframework.org/schema/beans"
	xmlns:xsi="http://www.w3.org/2001/XMLSchema-instance" xmlns:p="http://www.springframework.org/schema/p"
	xsi:schemaLocation="http://www.springframework.org/schema/beans 
         http://www.springframework.org/schema/beans/spring-beans-3.0.xsd">
	<import resource="classpath:applicationContext-dao.xml" />
	<bean id="txManager"
		class="org.springframework.jdbc.datasource.DataSourceTransactionManager">
		<property name="dataSource" ref="dataSource" />
	</bean>

	<bean id="viewSpaceTarget"
	      class="com.smart.service.impl.ViewSpaceImpl"
	      p:viewSpaceDao-ref="viewSpaceDao"
	      p:viewPointDao-ref="viewPointDao"/>

	<bean id="viewSpaceService"
		class="org.springframework.transaction.interceptor.TransactionProxyFactoryBean"
		p:transactionManager-ref="txManager"
		p:target-ref="viewSpaceTarget">
		<property name="transactionAttributes">
			<props>
				<prop key="get*">PROPAGATION_REQUIRED,readOnly</prop>
				<prop key="*">PROPAGATION_REQUIRED</prop>
			</props>
		</property>
	</bean>
</beans>