<?xml version="1.0" encoding="UTF-8" ?>
<beans xmlns="http://www.springframework.org/schema/beans"
	xmlns:xsi="http://www.w3.org/2001/XMLSchema-instance"
	xmlns:p="http://www.springframework.org/schema/p"
	xmlns:aop="http://www.springframework.org/schema/aop"
	xmlns:tx="http://www.springframework.org/schema/tx"
	xsi:schemaLocation="
    http://www.springframework.org/schema/beans http://www.springframework.org/schema/beans/spring-beans-3.0.xsd
    http://www.springframework.org/schema/tx http://www.springframework.org/schema/tx/spring-tx-3.0.xsd
    http://www.springframework.org/schema/aop http://www.springframework.org/schema/aop/spring-aop-3.0.xsd">
	<import resource="classpath:applicationContext-dao.xml" />

    <!--①不再需要为了事务AOP增强的实施而改名换姓-->
    <bean id="viewSpaceService"
		class="com.smart.service.impl.ViewSpaceImpl"
		p:viewSpaceDao-ref="viewSpaceDao"
		p:viewPointDao-ref="viewPointDao"/>

	
	<bean id="txManager"
		class="org.springframework.jdbc.datasource.DataSourceTransactionManager"
		p:dataSource-ref="dataSource"/>




    <aop:config>
        <!--③-1通过aop定义事务增强切面-->
        <aop:pointcut id="serviceMethod"
                      expression="execution(* com.smart.service.*Service.*(..))" />
        <!--③-2引用事务增强-->
        <aop:advisor pointcut-ref="serviceMethod" advice-ref="txAdvice" />
    </aop:config>

    <!--④事务增强-->
    <tx:advice id="txAdvice" transaction-manager="txManager">
        <!--④-1事务属性定义-->
        <tx:attributes>
            <tx:method name="get*" read-only="false"/>
            <tx:method name="add*" rollback-for="Exception" />
            <tx:method name="update*"/>
        </tx:attributes>
    </tx:advice>

</beans>