<?xml version="1.0" encoding="UTF-8" ?>
<beans xmlns="http://www.springframework.org/schema/beans"
       xmlns:xsi="http://www.w3.org/2001/XMLSchema-instance"
       xmlns:context="http://www.springframework.org/schema/context"
       xmlns:p="http://www.springframework.org/schema/p"
       xsi:schemaLocation="http://www.springframework.org/schema/beans http://www.springframework.org/schema/beans/spring-beans-3.1.xsd
    http://www.springframework.org/schema/context http://www.springframework.org/schema/context/spring-context-3.1.xsd">
    <context:property-placeholder location="classpath:jdbc.properties"/>
    <bean id="dataSource" class="org.apache.commons.dbcp.BasicDataSource"
		destroy-method="close" 
		p:driverClassName="${jdbc.driverClassName}"
		p:url="${jdbc.url}" 
		p:username="${jdbc.username}"
		p:password="${jdbc.password}"/>

    <bean id="jdbcTemplate"
          class="org.springframework.jdbc.core.JdbcTemplate"
          p:dataSource-ref="dataSource"/>


    <bean id="sessionFactory"
          class="org.springframework.orm.hibernate3.annotation.AnnotationSessionFactoryBean"
          p:dataSource-ref="dataSource">
        <property name="annotatedClasses">
            <list>
                <value>com.smart.User</value>
            </list>
        </property>
        <property name="hibernateProperties">
            <props>
                <prop key="hibernate.dialect">org.hibernate.dialect.MySQLDialect</prop>
                <prop key="hibernate.show_sql">true</prop>
            </props>
        </property>
    </bean>

    <bean id="hibernateTemplate"
          class="org.springframework.orm.hibernate3.HibernateTemplate"
          p:sessionFactory-ref="sessionFactory"/>
          
    <context:component-scan base-package="com.smart.withouttx.hiber"/>
</beans>